TransactionID,Date,CustomerID,Product,Category,Quantity,UnitPrice,Discount,Total,PaymentMethod,Region,Email,Returned,Notes
,13/04/2023,114,Head-Phones,electrnics,-2,"270,4",15%,,debit card,East,user114@retailco[dot]io,TRUE,deliver asap
1002,2023-12-15,129,Smartwatch,Wearables,1 units,195.58,,,Credit Card,E,user129@retailco.io,Yes,
1003,2023-09-28,124,Smartphone,electrnics,3,"865,25",,2595.75,Cash,west,user124@retailco.io,False,
1004,04/17/2023,C-148,Smart phone,Electronics,1,1040.41,0 %,,Debit Card,West,user146@shop.net,Yes,
1005,13-Mar-2023,109,Smartwatch,wearable,-2,"198,17",0 %,,debit,W,user109@retailco.io,False,
1006,23/07/08,128,smartwatch,wearables,1,164.17,,164.17,PayPal,S,user128@mail.org,No,
1007,21-Jan-2023,103,Smart watch,Electronics,2,€530.15,,1166.33,Credit Card,S,user103@mail[dot]org,No,deliver asap
1008,13-Apr-2023,146,Smart phone,Electronics,1,USD 733.67,,733.67,credit card,North,user146@example.com,No,rush order
1009,02/05/2023,142,Tablet, accessories,1 units,292.63,0.05,278.0,PayPal,West,user142@example.com,no,fragile
1010,03/08/2023,138,Tablet,electronics  ,2 units,$316.71,,570.08,Cash,west,user138@example.com,Yes,"gift, include note"
1011,2023-11-27,149,Smartphone,Electronics,4 units,794.63,5%,,credit card,S,(user149@shop.net),TRUE,rush order
,23/03/29,122,Smartwatch ,Wearables,2 units,269.31,20%,430.9,debit,North,user122@retailco.io,No,
1013,04/10/2023,142,Head-Phones,Electronics,2,621.55,0.1,,Cash,East,user142 at shop.net,Yes,"gift, include note"
,12/26/23,139,Head-Phones,Wearables,1,€327.09,0.2,,PayPal,East,user139@shop.net,No,
1015,01-Jun-2023,130,Tablet,electronics,-2,317.17 ,,-634.34,Cash,North,user130@mail.org,Yes,
1016,2023-05-11,122,Headphones,Accessories,2,"60,25",,120.5,Cash,North,user122 at example.com,N,"gift, include note"
1017,23/05/30,117,laptop,Electronics,1,1126.27 ,,1126.27,debit,North,user117@shop.net,Yes,
1018,11/05/2023,119,Smart phone,wearable,1,USD 516.43,,516.43,debit,E,user119@mail.org,No,
1019,09/15/2023,146,Laptop,Electronics,3 units,"$1,155.29",10%,3119.28,Debit Card,W,user146@mail.org,No,
1020,10-Dec-2023,119,Tablet,Electronics,-2,394.26,5%,-1498.19,CASH ,West,user119@shop[dot]net,Yes,rush order
1021,23/10/21,cust_131,Tablet,electronics  ,1,"264,82",,264.82,creditcard,North,user138@retailco.io,N,
1022,11-Jul-2023,148,Smartphone,Electronics,,€592.59,5 %,,PayPal,East,user148 at example.com,False,
1023,10/04/2023,117,Laptop,ACC,1,$980.85,15 %,,PayPal,South,(user117@mail.org),False,
1024,06/10/2023,148,Head-Phones,Electronics,1,$332.65,15 %,282.75,creditcard,West,user148 at example.com,No,
1025,11/10/23,107,Headphones,Accessories,0,79.61,5 %,0.0,Debit Card,West,user107@example[dot]com,No,
1026,22/01/2023,148,Smartphone,Electronics,3,824.56,0.05,,CASH ,West,user148 at mail.org,No,fragile
,23/09/10,116,Tablet,Electronics,5,"263,68",0,,Credit Card,North,user116 at example.com,False,
1028,24-Aug-2023,111,Smartwatch,wearable,0,€151.88,5%,0.0,Debit Card,South,user111@shop.net,No,customer called; address verified
1029,12/11/23,cust_142,Laptop,Electronics,2,"1090,99",0.05,4145.76,Credit Card,West ,user118@shop.net,No,
1030,18/02/2023,130,Laptop ,electronics  ,3 units,1018.37,0.1,2749.6,creditcard,E,user130@retailco.io,no,
T-1031,2023-02-28,131,Headphones,Accessories,1,"105,03",,,debit,East ,user131@shop.net,N,
1032,23/06/19,105,Tabllet,ACC,2 units,1129.55,10 %,1829.87,creditcard,East,user105@example.com,yes,
1033,07/07/2023,C-147,Headphones,Accessories,1,89.3,,178.6,Cash,North,(user104@example.com),False,
1034,09/28/2023,C-127,Laptop,Electronics,5,1148.23,10 %,,Debit Card, EAST,user105 at mail.org,Yes,
1035,2023-07-09,122,Laptop,Electronics,-5,€932.47,20%,-3729.88,Cash,North,user122 at shop.net,no,
1036,06/24/2023,109,Smartwatch,Wearables,1,$300.89,0.15,255.76,Cash, EAST,user109@shop.net,TRUE,
,20/02/2023,113,Head-Phones,electronics  ,2,"$1,141.86",,2283.72,credit card,West,user113@mail[dot]org,No,customer called; address verified
1038,23/12/30,115,Tablet,electrnics,2,€395.48,,790.96,creditcard,East,user115@retailco.io,No,
1039,02/24/23,120,Laptop,Electronics,,"$1,035.57",,,Credit Card,South,user120@example.com,No,
1040,09/01/2023,121,Laptop,Electronics,3,"1132,34",10%,3363.05,Credit Card,West,(user121@retailco.io),no,
1041,11/16/2023,141,Head-Phones,wearables,-2,192.84 ,,,paypal,North,user141@example.com,no,
1042,11-May-2023,cust_110,Tablet,Electronics,-5,297.83 ,0.05,-1414.69,Cash,South,user110@retailco.io,No,
1043,23/11/03,C-118,Smartphone,Electronics,2,USD 872.19,15 %,,paypal,North,user109 at retailco.io,Yes,
1044,05/15/23,101,Smartwatch ,wearables,4,€162.56,0.2,520.19,CC,W,user101@retailco.io,TRUE,customer called; address verified
1045,01/21/23,116,Smartphone,Electronics,1,€757.12,0.15,643.55,debit,north ,user116@retailco.io,N,
1046,25/11/2023,C-149,Tablet,Electronics,4,388.41,,1553.64,credit card,East,user105@shop.net,False,
T-1047,23/06/16,122,Head-Phones,Electronics,1,"€1,082.27",,,Debit Card,North,user122@shop.net,False,
1048,2023-10-01,147,Laptop,Electronics,-5,$940.72,0 %,-4233.24,Debit Card,West,user147@retailco.io,Yes,
T-1049,03/30/2023,123,Head-Phones,Electronics,4,922.13 ,0.2,2950.82,PayPal,North,user123@shop.net,No,
1050,11/12/2023,108,Smartphone,Electronics,3,$830.09,20%,3984.43,PayPal,North,user108@shop.net,no,
1051,01/14/2023,113,Tablet,wearable,,343.29,,,Debit Card,west,user113@shop.net,No,fragile
1052,08/30/2023,105,Smartphone ,Electronics,,$503.27,,0.0,Debit Card,souTh,user105@shop.net,No,
1053,2023-09-22,106,Tablet,electronics,1,$353.87,,353.87,CASH ,West,user106@mail.org,Yes,
1054,12-Dec-2023,144,Smartwatch, accessories,four,$286.15,,,Credit Card,South,user144@mail.org,Yes,fragile
1055,22/02/2023,111,Tablet,Electronics,2,USD 388.05,10%,,Cash,West,user111 at shop.net,No,deliver asap
1056,06/12/2023,135,Smartwatch ,ACC,one,USD 216.06,,0.0,PayPal,South,(user135@shop.net),Yes,customer called; address verified
1057,04/02/23,111,Laptop,Electronics,2,"$1,070.39",,2140.78,Cash, EAST,user111@shop.net,No,N/A
1058,2023-09-21,140,Laptop ,Electronics,0,€970.66,20%,0.0,debit card,North,user140@shop.net,Y,
1059,04-Feb-2023,138,Smartwatch,Wearables,1,222.36 ,20%,177.89,CASH ,souTh,user138 at mail.org,,
1060,23/07/25,C-146,Tablet,wearable,1,428.84 ,,,PayPal,South,user128@mail.org,Yes,
1061,03/22/2023,133,Laptop,Electronics,0,1003.85,0%,0.0,Cash, EAST,user133@example.com,Yes,
1062,19/02/2023,C-149,Smartwatch,Wearables,-3,325.25 ,10%,-878.18,PayPal,E,user141@mail.org,Yes,deliver asap
1063,26/12/2023,145,Headphones,ACC,3,$106.24,,,Debit Card,North,user145@retailco.io,Y,
1064,02-Jan-2023,148,Smartphone,Electronics,,643.86 ,15 %,0.0,Debit Card,souTh,user148 at retailco.io,no,
1065,23/02/23,131,Headphones,wearable,one,$79.19,0,0.0,Credit Card,North,user131 at retailco.io,No,
T-1066,04/16/2023,C-126,Smartwatch,Wearables,4,$171.40,,685.6,Debit Card,W,user129@retailco.io,yes,
1067,2023-09-17,100,tablet,electronics,2,363.36,10 %,654.05,paypal,North,user100@mail.org,No,
1068,06-Nov-2023,144,Smart phone,Electronics,4,"€1,090.24",,8721.92,Cash,N.,user144@retailco.io,Yes,
1069,2023-07-10,119,Head-Phones,Electronics,1 units,"$1,006.17",15%,855.24,cash,East,user119@mail.org,N,fragile
1070,06/08/2023,115,Tabllet,electronics  ,3,USD 107.6,20%,,Debit Card,W,user115@shop[dot]net,Y,
1071,13/02/2023,136,Head-Phones,Wearables,2,€319.56,,639.12,creditcard,South ,user136@mail.org,No,
1072,23/06/11,134,Smartphone,electronics  ,3,504.22,20 %,1210.13,PayPal,north ,user134@mail.org,Y,N/A
1073,07/21/2023,122,Lapptop,Electronics,3,282.87 ,,,PayPal,W,user122@retailco.io,TRUE,
,27/09/2023,117,Laptop,electrnics,2,1189.77,0,2617.49,Cash,West,(user117@retailco.io),False,
1075,2023-12-17,140,Smartphone,Electronics,1,$693.84,0.15,589.76,Cash,north ,user140@retailco[dot]io,No,deliver asap
1076,23/10/31,123,Headphones,Accessories,2,53.65 ,0 %,96.57,CASH ,West,user123@mail.org,No,
1077,09/28/23,118,Head-Phones,Electronics,1,943.87,0.15,,Debit Card,North,user118@example.com,,
1078,23/08/03,C-146,Headphones,Accessories,4,59.06,,236.24,Cash,S,user101@example.com,N,
1079,09-Sep-2023,110,Tablet,electronics  ,2,$335.85,,604.53,creditcard,E,user110@example.com,yes,rush order
1080,09/07/2023,148,Laptop ,Electronics,1,1032.72,,1032.72,Credit Card,west,user148@retailco[dot]io,No,
1081,23-Oct-2023,119,Headphones ,Accessories,0,$87.43,,,Debit Card,South,user119@mail.org,Y,rush order
T-1082,2023-08-01,125,Headphones,Accessories,,76.02,0.15,0.0,Credit Card, EAST,user125@mail.org,yes,
1083,2023-07-27,122,Smartphone,Electronics,1,709.54,0.15,,CASH ,East,user122@example.com,yes,N/A
1084,08/25/2023,124,Laptop,Electronics,4,"1147,8",0%,4132.08,credit card,South,(user124@shop.net),No,
1085,12/04/23,149,Head-Phones, accessories,3,503.84,10%,1360.37,PayPal,East ,user149@retailco.io,Yes,
1086,22/02/2023,137,Smartphone,Electronics,,$608.78,20%,0.0,debit,West,user137@retailco.io,No,—
,23/10/07,120,Headphones,accessories,4,$79.51,0%,318.04,debit,West,user120@example.com,Yes,rush order
1088,08/05/23,121,Smartwatch,Wearables,-3,187.43,,-562.29,PayPal,N.,user121@mail.org,Yes,
1089,09/09/2023,131,Tabllet,electronics,2 units,USD 448.31,5%,,CC,East,user131@mail.org,Y,
1090,07/07/2023,C-137,Tablet,electronics  ,two,$257.59,,0.0,CASH ,East,user111 at shop.net,No,rush order
1091,10/02/2023,106,Headphones, accessories,-3,$83.01,5%,-236.58,Credit Card,South,user106@example,Yes,
1092,06/06/2023,120,Tablet,wearable,1,USD 337.64,0.15,286.99,debit, EAST,user120@example[dot]com,no,fragile
1093,01/15/23,121,Laptop,electronics,-3,"957,0",10 %,-5167.8,CC,South,user121 at retailco.io,no,
T-1094,2023-10-28,118,Headphones,Accessories,3,70.12,,210.36,Debit Card,E,user118@mail.org,No,
1095,03/06/2023,115,Laptop,Electronics,1,"$1,184.72",,,Credit Card,west,(user115@shop.net),TRUE,
1096,11/12/2023,cust_129,Smartwatch, accessories,1,170.2,15%,,Cash,west,user139 at mail.org,yes,
1097,23/11/2023,121,Headphones,wearable,5,"95,59",15 %,406.26,Debit Card,W,user121@retailco.io,Yes,—
1098,01/09/23,145,headphones ,Accessories,1,79.62,,,debit,souTh,user145@retailco.io,No,
1099,10-Dec-2023,130,Laptop,Electronics,2,1004.61,0.2,,paypal, EAST,user130 at mail.org,N,
1100,09/05/2023,109,Smartwatch,electronics  ,0,233.71,20 %,,Debit Card,South,user109@shop.net,Y,
1101,16-May-2023,135,Tablet,Electronics,3,$342.75,20 %,,Credit Card,North,user135@shop.net,False,fragile
1102,03/04/2023,120,Tablet,wearable,2,USD 402.9,,,Cash,South ,user120@retailco.io,yes,
T-1103,19-May-2023,114,headphones,wearable,5,60.41 ,0.15,282.42,debit,west,user114@retailco.io,TRUE,
1104,22-Mar-2023,138,Lapptop,Electronics,2,"1108,56",20%,1773.7,PayPal, EAST,user138@mail.org,TRUE,
1105,06/12/2023,113,Laptop,Electronics,1,1117.07 ,10%,1005.36,creditcard,North,user113@shop.net,Yes,
1106,16/10/2023,128,Tablet,Electronics,4,334.35 ,,1337.4,Credit Card,North,user128@mail.org,,N/A
1107,09/18/2023,104,Smartwatch,Wearables,3,USD 273.65,15%,697.81,creditcard,South,user104@example.com,Yes,
1108,2023-08-19,128,Headphones,electronics  ,4 units,€79.42,10 %,285.91,PayPal,West ,user128@retailco.io,No,
1109,10/02/2023,121,smartwatch,ACC,four,$272.17,15 %,0.0,PayPal, EAST,user121@mail.org,Yes,
T-1110,01/28/23,137,Smartphone, accessories,3,891.8 ,,,Debit Card,N.,user137@shop.net,Y,
1111,05/15/23,108,Smartwatch,Wearables,4,256.78 ,,,creditcard,North,user108@retailco.io,N,rush order
1112,07/20/2023,139,Smartwatch,Wearables,1,341.34 ,0 %,341.34,PayPal,South,user139@shop.net,Y,
1113,2023-11-24,111,Tablet ,Electronics,1 units,"435,73",0.1,352.94,paypal,East,user111@retailco.io,N,
1114,25-Sep-2023,130,Tabllet,Electronics,2,996.28 ,20 %,,Credit Card,West,user130 at mail.org,Yes,customer called; address verified
1115,02/02/2023,100,Smartphone,Electronics,4,$798.76,0%,6390.08,PayPal,East,user100@mail.org,Yes,rush order
1116,2023-02-17,132,Laptop,electronics,1,"€1,017.30",5%,,debit card,north ,user132@mail.org,N,
1117,2023-03-03,111,smartphone,Electronics,5,768.67,0.1,,CASH ,North,(user111@mail.org),Yes,
1118,08/04/2023,100,Headphones,Accessories,5,$79.65,5 %,378.34,CC,North,user100@example.com,No,rush order
1119,23/10/20,123,Smart watch,Electronics,1,"411,31",15%,314.65,PayPal,S,user123 at retailco.io,False,
1120,2023-04-09,141,Tablet,electronics  ,3,265.57,,717.04,Cash,South,user141@example.com,N,
1121,21-Jun-2023,107,Laptop,electronics  ,0,"938,37",20%,,creditcard,South,user107@example.com,Y,
1122,12/26/2023,114,Smartphone,Electronics,-1,$654.18,20 %,,PayPal,North,user114 at example.com,Yes,
1123,08/02/2023,123,Headphones,Accessories,1,98.93 ,0.2,79.14,CC,North,user123@retailco.io,N,N/A
1124,04-Feb-2023,143,Smartwatch,Wearables,3,177.61 ,,,CASH ,South,user143@example,,rush order
1125,15/08/2023,C-123,Laptop,Electronics,1,USD 1092.09,20%,,Credit Card,East,user123@retailco.io,False,"gift, include note"
1126,04/11/2023,147,Smartwatch,Wearables,2,$150.93,20%,,Credit Card,West,user147@mail.org,No,
1127,05/11/2023,C-116,Smartphone,Electronics,1,614.92,20 %,491.94,Cash,souTh,user131@retailco[dot]io,Yes,—
1128,2023-09-14,105,Smartwatch,Wearables,2,333.2,0,666.4,Cash,West,user105@retailco.io,yes,
1129,05/01/2023,139,Tablet,Electronics,3,"340,15",0 %,1020.45,PayPal,west,user139@mail.org,No,
1130,08/06/2023,C-125,Tabllet,Electronics,5,"644,12",15%,5475.02,PayPal,East,user120@mail.org,Yes,
1131,09/12/2023,139,Smartphone,Electronics,0,677.96 ,0.15,0.0,PayPal,East,user139@example[dot]com,Yes,
1132,2023-12-25,139,Tablet, accessories,1 units,382.71 ,20 %,306.17,CASH ,East,user139@mail.org,Yes,
1133,10/10/2023,C-119,Smartwatch,wearables,5,USD 151.83,,1518.3,Credit Card,South,user147@mail.org,N,—
1134,07/26/2023,104,Smartwatch,Wearables,-1,170.45,5%,,Credit Card,West,user104@shop.net,yes,
,01/15/2023,112,Smart phone,Electronics,2,"€1,038.25",0.15,1588.52,Debit Card,North,user112@example[dot]com,Yes,
1136,2023-12-12,117,Laptop,electrnics,two,"927,42",0%,0.0,PayPal,East,user117@shop.net,Y,
T-1137,11-Feb-2023,135,Smartphone,Electronics,1 units,562.01,0 %,562.01,Cash,West,user135@example.com,No,
1138,06/28/2023,120,Lapptop,electronics  ,2 units,€728.40,20%,,CC,North,user120@mail.org,TRUE,
1139,23/03/04,C-145,smartwatch ,Wearables,one,196.2,0.2,0.0,PayPal,North,user143@mail.org,No,
1140,12/18/23,120,Headphones,Accessories,2,97.01,0 %,194.02,Debit Card,souTh,user120@retailco.io,No,
1141,08/19/2023,C-106,Tabllet,Electronics,0,"310,06",,0.0,Credit Card,East,user144@example.com,Yes,
1142,23/08/29,127,Smartphone,Electronics,,USD 516.47,5%,0.0,Cash,N.,user127@mail.org,N,
1143,21-Feb-2023,148,Smart watch,Wearables,2 units,305.35,,610.7,Cash,north ,user148@shop.net,TRUE,
1144,06-Apr-2023,109,Laptop,Electronics,3,"$1,035.02",0.05,,Debit Card,East,user109@mail.org,Y,fragile
1145,2023-08-10,141,Tablet ,Electronics,4,USD 430.77,,,PayPal,N.,user141@shop.net,False,N/A
1146,08/19/23,117,Laptop,Electronics,1 units,1014.66 ,0.05,,PayPal,West ,user117@retailco.io,No,fragile
1147,08/25/2023,149,Smart watch,Electronics,3,255.9,0.1,690.93,creditcard,north ,user149@shop.net,no,rush order
1148,23/05/23,130,Headphones,Accessories,2,90.42,,180.84,Cash,West,user130@mail.org,False,
1149,06/20/2023,141,Headphones, accessories,4,€64.87,,,Cash,West,user141@example.com,no,
1150,01/29/2023,144,Smart watch,Electronics,5 units,"997,22",,4986.1,debit,W,user144@retailco.io,yes,
1151,2023-02-05,119,Smart phone,electronics,2 units,USD 699.05,15%,1188.38,Cash,N.,user119 at retailco.io,Yes,—
1152,01/13/23,103,Tablet,Electronics,5,€257.17,0 %,,creditcard,North,user103@mail.org,Yes,
1153,2023-06-09,146,Tablet,Electronics,1,USD 395.84,5 %,,CC,South ,user146@retailco.io,N,
1154,23-Nov-2023,144,Smartwatch,Wearables,1,316.77 ,0,316.77,debit,West,user144@example.com,Y,
1155,23/07/06,C-122,Smartphone ,Electronics,-4,€546.74,0%,-1968.26,Credit Card,South,user133@shop.net,No,
1156,2023-08-31,121,Lapptop,Electronics,-1,257.31,,,Debit Card,north ,user121@example.com,No,
1157,27/03/2023,134,Lapptop, accessories,-1,640.13,0.1,,CASH ,West ,user134@example.com,TRUE,rush order
1158,10/11/2023,144,Smartphone,Electronics,5,"820,94",0.15,,CASH ,West,user144@shop.net,yes,
1159,23/03/07,118,Laptop,electronics,2,"1024,03",15%,,PayPal,South,user118@retailco.io,no,
1160,2023-06-19,128,Laptop,Electronics,1 units,1145.11 ,0 %,,PayPal,E,user128@shop.net,No,
1161,02/14/2023,139,Smart watch,electronics,three,$306.44,10 %,0.0,Cash,East,user139@mail.org,yes,
,03-Mar-2023,131,Smartphone,Electronics,4,€669.65,,2678.6,Cash,East,user131 at shop.net,No,
1163,05/14/2023,148,Head-Phones,Wearables,1,"265,93",0,,Cash,West,user148@shop.net,No,
,10/11/2023,110,Head-Phones, accessories,1,176.51,,,Credit Card,East,user110@retailco[dot]io,Y,
1165,01/28/23,109,Headphones,wearable,1,$40.44,20%,,Cash,S,user109@mail.org,yes,
1166,23/04/18,139,Tablet,Electronics,2,288.99,,,Credit Card,North,user139@mail.org,yes,
1167,13-Feb-2023,113,Smart watch, accessories,1,USD 976.0,10 %,878.4,CC,West,user113@shop.net,No,rush order
1168,06-Dec-2023,106,Laptop, accessories,2,"$10,493.10",,2098.62,paypal,South,user106@mail.org,Yes,
T-1169,10/13/23,149,tablet,Electronics,3,USD 266.09,0.05,,Cash,South,user149@shop.net,yes,
1170,11/27/2023,131,Headphones,accessories,1,66.5,20%,106.4,paypal,East ,user131@example[dot]com,,"gift, include note"
1171,23/05/08,106,Laptop,Electronics,three,USD 1105.23,5 %,0.0,PayPal,East,user106@shop.net,No,rush order
T-1172,12/14/2023,C-100,Laptop,Electronics,5,USD 1091.95,20 %,8735.6,PayPal,North,user122 at mail.org,No,
1173,08/19/2023,140,Smartphone,electrnics,1,673.87,0%,673.87,Credit Card,North ,user140@retailco.io,N,N/A
1174,09/07/2023,126,Headphones , accessories,five,USD 63.61,10%,0.0,CASH , EAST,user126@mail.org,Yes,
1175,2023-08-13,135,Headphones,accessories,4,"59,46",5 %,225.95,credit card,South,user135@mail.org,,
1176,10-Oct-2023,126,Tabllet,electronics  ,1,€941.59,15 %,800.35,credit card,West,user126@shop.net,Yes,N/A
1177,05/01/2023,143,Headphones,accessories,two,USD 60.14,20 %,0.0,PayPal,West,user143@mail[dot]org,,
1178,23/04/26,128,Head-Phones,electronics  ,,"$1,186.99",15%,0.0,PayPal,West,user128@retailco.io,yes,fragile
1179,08/21/2023,121,Tablet,Electronics,1,407.85,,407.85,paypal,South,user121@retailco.io,yes,
1180,09/16/2023,128,Laptop,Electronics,two,907.48 ,10%,,Debit Card,West,user128@retailco.io,No,
1181,2023-12-25,cust_135,smartwatch,ACC,2,$189.14,0 %,378.28,paypal,North,user109@mail.org,No,
1182,07/17/2023,126,Headphones,Accessories,2,$118.80,0%,237.6,Debit Card,W,user126@shop.net,,
1183,23/05/17,109,Tabllet,Accessories,2 units,USD 98.82,0.1,177.88,Cash,South,user109@shop.net,Y,rush order
1184,2023-11-14,117,Laptop,Electronics,1,950.14,10%,855.13,CASH ,West ,user117@shop.net,Y,
1185,23/06/14,135,Smartwatch,Wearables,1,245.9,0.2,177.05,paypal,North ,user135@retailco.io,No,rush order
,23/08/13,148,Smartwatch,wearable,1,334.02,,,creditcard,West,user148@retailco.io,yes,
,03/11/2023,112,Laptop ,Electronics,3,"$1,102.06",15%,2810.25,PayPal, EAST,user112@retailco.io,Y,
1188,22-Aug-2023,119,Headphones,electronics  ,three,USD 119.89,0%,,Cash,North,user119 at retailco.io,no,
1189,21/06/2023,145,Headphones,Accessories,1,USD 52.56,,52.56,Credit Card,South,user145@mail.org,Yes,
1190,06/01/2023,118,tablet,Electronics,1,USD 325.27,10 %,,PayPal,South ,user118@mail.org,No,
,11/11/2023,137,tablet ,Electronics,1,USD 326.11,0 %,326.11,paypal,North ,user137@shop.net,No,N/A
1192,09-Jun-2023,C-137,Tablet,Electronics,2,402.98,15%,685.07,Credit Card,N.,user136@mail.org,Yes,
1193,04/06/2023,127,Tablet,Electronics,2,"$4,026.90",0.05,688.6,PayPal,W,user127@example.com,No,
1194,08/21/23,140,Smartphone,ACC,0,USD 830.89,0%,0.0,paypal,West,user140@example.com,No,
1195,29/06/2023,142,Smartphone, accessories,2,€739.93,15 %,,PayPal,N.,user142@mail.org,No,customer called; address verified
1196,04/23/2023,115,Tablet,Electronics,1,"438,17",,438.17,Cash,West,user115@retailco.io,N,
1197,14/11/2023,110,headphones,Accessories,4,68.01 ,,272.04,Debit Card,West ,user110@example.com,TRUE,
1198,2023-02-21,110,Smartphone,Electronics,0,€774.99,,0.0,Cash,South,user110 at retailco.io,Yes,
1199,25-Sep-2023,C-110,smartwatch,Wearables,1 units,€255.17,15%,,paypal,West,user127@retailco.io,TRUE,
1200,22/10/2023,116,smartwatch,wearable,4,€291.69,,1166.76,creditcard,South,user116 at example.com,no,
,2023-04-23,110,Smart watch,Electronics,3 units,551.15 ,15%,,Debit Card,West,(user110@retailco.io),Yes,
1202,04/11/2023,112,Head-Phones,Electronics,5 units,€321.30,5%,,paypal,East,user112@shop.net,TRUE,rush order
1203,23-Apr-2023,C-121,Laptop,Electronics,1,"1043,96",10 %,1879.13,Cash,north ,(user141@shop.net),N,
1204,22/03/2023,101,Tablet,Electronics,2,$321.81,,643.62,Cash,W,user101@shop.net,No,"gift, include note"
1205,07/06/23,133,Head-Phones,Accessories,2,$56.59,,113.18,Credit Card,South,user133@shop.net,no,N/A
1206,2023-04-23,145,Headphones,Accessories,1 units,118.4,0%,,debit,South,(user145@mail.org),No,
1207,2023-01-02,,Headphones,Accessories,2 units,$99.27,,198.54,PayPal,South,user137@retailco[dot]io,Yes,rush order
1208,23/05/10,147,Laptop,Electronics,-5,$918.21,10 %,-4131.95,Cash,West,user147@retailco[dot]io,No,fragile
1209,08/08/2023,118,Tablet,Electronics,1,"289,9",15%,,PayPal,West,user118@retailco.io,Y,
1210,02/23/2023,131,Laptop,Electronics,1,USD 1031.35,,1134.48,Credit Card,North ,user131@example,No,"gift, include note"
1211,2023-12-09,123,headphones,Accessories,2,€63.52,5 %,120.69,Cash,South,user123@mail.org,no,
T-1212,23/08/12,C-104,Tablet,electronics,1,€376.32,0.1,677.38,Debit Card,N.,user133@retailco.io,No,
1213,08/13/2023,112,Headphones,Accessories,1,$606.60,0.2,48.53,PayPal,South ,user112@example.com,TRUE,—
,06/05/2023,115,Smartwatch,Wearables,1,199.53,0.1,179.58,PayPal,W,user115@retailco.io,No,
1215,05/10/23,144,Smart phone,Electronics,1,$513.04,0,,paypal,west,user144@example.com,no,
1216,02/22/2023,119,Smart watch,Accessories,4,70.71,20%,226.27,PayPal,South ,user119 at shop.net,N,
T-1217,21-Jun-2023,128,Laptop,Electronics,-1,"1085,61",5 %,,CASH ,East,user128@retailco[dot]io,no,
1218,08/06/2023,cust_131,Lapptop,Accessories,2 units,USD 118.18,,212.72,debit,E,user111@example.com,N,
1219,2023-06-09,115,smartwatch ,Wearables,5 units,"$2,767.10",20 %,996.16,PayPal,W,user115 at mail.org,Yes,
1220,07/17/23,C-128,Headphones,electrnics,0,"52,58",0.05,,CASH ,W,user144@example.com,N,
1092,06/06/2023,120,Tablet,wearable,1,USD 337.64,0.15,286.99,debit, EAST,user120@example[dot]com,no,fragile
1035,2023-07-09,122,Laptop,Electronics,-5,€932.47,20%,-3729.88,Cash,North,user122 at shop.net,no,
1106,16/10/2023,128,Tablet,Electronics,4,334.35 ,,1337.4,Credit Card,North,user128@mail.org,,N/A
1181,2023-12-25,cust_135,smartwatch,ACC,2,$189.14,0 %,378.28,paypal,North,user109@mail.org,No,
1089,09/09/2023,131,Tabllet,electronics,2 units,USD 448.31,5%,,CC,East,user131@mail.org,Y,
T-1103,19-May-2023,114,headphones,wearable,5,60.41 ,0.15,282.42,debit,west,user114@retailco.io,TRUE,
1059,04-Feb-2023,138,Smartwatch,Wearables,1,222.36 ,20%,177.89,CASH ,souTh,user138 at mail.org,,
1040,09/01/2023,121,Laptop,Electronics,3,"1132,34",10%,3363.05,Credit Card,West,(user121@retailco.io),no,
1092,06/06/2023,120,Tablet,wearable,1,USD 337.64,0.15,286.99,debit, EAST,user120@example[dot]com,no,fragile
1035,2023-07-09,122,Laptop,Electronics,-5,€932.47,20%,-3729.88,Cash,North,user122 at shop.net,no,duplicate? check
1106,16/10/2023,128,Tablet,Electronics,4,334.35 ,,1337.4,Credit Card,North,user128@mail.org,,duplicate? check
1181,2023-12-25,cust_135,smartwatch,ACC,2,$189.14,0 %,378.28,paypal,North,user109@mail.org,No,
1089,09/09/2023,131,Tabllet,electronics,2 units,USD 448.31,5%,,CC,East,user131@mail.org,Y,duplicate? check
T-1103,19-May-2023,114,headphones,wearable,5,60.41 ,0.15,282.42,debit,west,user114@retailco.io,TRUE,
1059,04-Feb-2023,138,Smartwatch,Wearables,1,222.36 ,20%,177.89,CASH ,souTh,user138 at mail.org,,duplicate? check
1040,09/01/2023,121,Laptop,Electronics,3,"1132,34",10%,3363.05,Credit Card,West,(user121@retailco.io),no,
,,,,,,,,,,,,,
N/A,N/A,N/A,N/A,N/A,N/A,N/A,N/A,N/A,N/A,N/A,N/A,N/A,N/A
