,TransactionID,Date,CustomerID,Product,Category,Quantity,UnitPrice,Discount,Total,PaymentMethod,Region,Email,Returned,Notes,Currency
0,,2023-04-13,114,Headphones,Accessories,-2.0,270.4,15.0%,,Debit card,East,user114@retailco.io,Yes,deliver asap,
1,1002,2023-12-15,129,Smartwatch,Wearables,1.0,195.58,,,Credit card,East,user129@retailco.io,Yes,,
2,1003,2023-09-28,124,Smartphone,Electronics,3.0,865.25,,2595.75,Cash,West,user124@retailco.io,No,,
3,1004,2023-04-17,148,Smartphone,Electronics,1.0,1040.41,0.0%,,Debit card,West,user146@shop.net,Yes,,
4,1005,2023-03-13,109,Smartwatch,Wearables,-2.0,198.17,0.0%,,Debit card,West,user109@retailco.io,No,,
5,1006,,128,Smartwatch,Wearables,1.0,164.17,,164.17,Paypal,South,user128@mail.org,No,,
6,1007,2023-01-21,103,Smartwatch,Wearables,2.0,530.15,,1166.33,Credit card,South,user103@mail.org,No,deliver asap,EU
7,1008,2023-04-13,146,Smartphone,Electronics,1.0,733.67,,733.67,Credit card,North,user146@example.com,No,rush order,USD
8,1009,2023-05-02,142,Tablet,Electronics,1.0,292.63,5.0%,278.0,Paypal,West,user142@example.com,No,fragile,
9,1010,2023-08-03,138,Tablet,Electronics,2.0,316.71,,570.08,Cash,West,user138@example.com,Yes,"gift, include note",USD
10,1011,2023-11-27,149,Smartphone,Electronics,4.0,794.63,5.0%,,Credit card,South,user149@shop.net,Yes,rush order,
11,,,122,Smartwatch,Wearables,2.0,269.31,20.0%,430.9,Debit card,North,user122@retailco.io,No,,
12,1013,2023-10-04,142,Headphones,Accessories,2.0,621.55,10.0%,,Cash,East,user142@shop.net,Yes,"gift, include note",
13,,,139,Headphones,Accessories,1.0,327.09,20.0%,,Paypal,East,user139@shop.net,No,,EU
14,1015,2023-06-01,130,Tablet,Electronics,-2.0,317.17,,-634.34,Cash,North,user130@mail.org,Yes,,
15,1016,2023-05-11,122,Headphones,Accessories,2.0,60.25,,120.5,Cash,North,user122@example.com,,"gift, include note",
16,1017,,117,Laptop,Electronics,1.0,1126.27,,1126.27,Debit card,North,user117@shop.net,Yes,,
17,1018,2023-05-11,119,Smartphone,Electronics,1.0,516.43,,516.43,Debit card,East,user119@mail.org,No,,USD
18,1019,2023-09-15,146,Laptop,Electronics,3.0,,10.0%,3119.28,Debit card,West,user146@mail.org,No,,USD
19,1020,2023-12-10,119,Tablet,Electronics,-2.0,394.26,5.0%,-1498.19,Cash,West,user119@shop.net,Yes,rush order,
20,1021,,131,Tablet,Electronics,1.0,264.82,,264.82,Credit card,North,user138@retailco.io,,,
21,1022,2023-07-11,148,Smartphone,Electronics,,592.59,5.0%,,Paypal,East,user148@example.com,No,,EU
22,1023,2023-04-10,117,Laptop,Electronics,1.0,980.85,15.0%,,Paypal,South,user117@mail.org,No,,USD
23,1024,2023-10-06,148,Headphones,Accessories,1.0,332.65,15.0%,282.75,Credit card,West,user148@example.com,No,,USD
24,1025,,107,Headphones,Accessories,0.0,79.61,5.0%,0.0,Debit card,West,user107@example.com,No,,
25,1026,2023-01-22,148,Smartphone,Electronics,3.0,824.56,5.0%,,Cash,West,user148@mail.org,No,fragile,
26,,,116,Tablet,Electronics,5.0,263.68,0.0%,,Credit card,North,user116@example.com,No,,
27,1028,2023-08-24,111,Smartwatch,Wearables,0.0,151.88,5.0%,0.0,Debit card,South,user111@shop.net,No,customer called; address verified,EU
28,1029,,142,Laptop,Electronics,2.0,1090.99,5.0%,4145.76,Credit card,West ,user118@shop.net,No,,
29,1030,2023-02-18,130,Laptop,Electronics,3.0,1018.37,10.0%,2749.6,Credit card,East,user130@retailco.io,No,,
30,1031,2023-02-28,131,Headphones,Accessories,1.0,105.03,,,Debit card,East ,user131@shop.net,,,
31,1032,,105,Tablet,Electronics,2.0,1129.55,10.0%,1829.87,Credit card,East,user105@example.com,Yes,,
32,1033,2023-07-07,147,Headphones,Accessories,1.0,89.3,,178.6,Cash,North,user104@example.com,No,,
33,1034,2023-09-28,127,Laptop,Electronics,5.0,1148.23,10.0%,,Debit card, east,user105@mail.org,Yes,,
34,1035,2023-07-09,122,Laptop,Electronics,-5.0,932.47,20.0%,-3729.88,Cash,North,user122@shop.net,No,,EU
35,1036,2023-06-24,109,Smartwatch,Wearables,1.0,300.89,15.0%,255.76,Cash, east,user109@shop.net,Yes,,USD
36,,2023-02-20,113,Headphones,Accessories,2.0,,,2283.72,Credit card,West,user113@mail.org,No,customer called; address verified,USD
37,1038,,115,Tablet,Electronics,2.0,395.48,,790.96,Credit card,East,user115@retailco.io,No,,EU
38,1039,,120,Laptop,Electronics,,,,,Credit card,South,user120@example.com,No,,USD
39,1040,2023-01-09,121,Laptop,Electronics,3.0,1132.34,10.0%,3363.05,Credit card,West,user121@retailco.io,No,,
40,1041,2023-11-16,141,Headphones,Accessories,-2.0,192.84,,,Paypal,North,user141@example.com,No,,
41,1042,2023-05-11,110,Tablet,Electronics,-5.0,297.83,5.0%,-1414.69,Cash,South,user110@retailco.io,No,,
42,1043,,118,Smartphone,Electronics,2.0,872.19,15.0%,,Paypal,North,user109@retailco.io,Yes,,USD
43,1044,,101,Smartwatch,Wearables,4.0,162.56,20.0%,520.19,Credit card,West,user101@retailco.io,Yes,customer called; address verified,EU
44,1045,,116,Smartphone,Electronics,1.0,757.12,15.0%,643.55,Debit card,North ,user116@retailco.io,,,EU
45,1046,2023-11-25,149,Tablet,Electronics,4.0,388.41,,1553.64,Credit card,East,user105@shop.net,No,,
46,1047,,122,Headphones,Accessories,1.0,,,,Debit card,North,user122@shop.net,No,,EU
47,1048,2023-10-01,147,Laptop,Electronics,-5.0,940.72,0.0%,-4233.24,Debit card,West,user147@retailco.io,Yes,,USD
48,1049,2023-03-30,123,Headphones,Accessories,4.0,922.13,20.0%,2950.82,Paypal,North,user123@shop.net,No,,
49,1050,2023-12-11,108,Smartphone,Electronics,3.0,830.09,20.0%,3984.43,Paypal,North,user108@shop.net,No,,USD
50,1051,2023-01-14,113,Tablet,Electronics,,343.29,,,Debit card,West,user113@shop.net,No,fragile,
51,1052,2023-08-30,105,Smartphone,Electronics,,503.27,,0.0,Debit card,South,user105@shop.net,No,,USD
52,1053,2023-09-22,106,Tablet,Electronics,1.0,353.87,,353.87,Cash,West,user106@mail.org,Yes,,USD
53,1054,2023-12-12,144,Smartwatch,Wearables,4.0,286.15,,,Credit card,South,user144@mail.org,Yes,fragile,USD
54,1055,2023-02-22,111,Tablet,Electronics,2.0,388.05,10.0%,,Cash,West,user111@shop.net,No,deliver asap,USD
55,1056,2023-12-06,135,Smartwatch,Wearables,1.0,216.06,,0.0,Paypal,South,user135@shop.net,Yes,customer called; address verified,USD
56,1057,,111,Laptop,Electronics,2.0,,,2140.78,Cash, east,user111@shop.net,No,,USD
57,1058,2023-09-21,140,Laptop,Electronics,0.0,970.66,20.0%,0.0,Debit card,North,user140@shop.net,,,EU
58,1059,2023-02-04,138,Smartwatch,Wearables,1.0,222.36,20.0%,177.89,Cash,South,user138@mail.org,,,
59,1060,,146,Tablet,Electronics,1.0,428.84,,,Paypal,South,user128@mail.org,Yes,,
60,1061,2023-03-22,133,Laptop,Electronics,0.0,1003.85,0.0%,0.0,Cash, east,user133@example.com,Yes,,
61,1062,2023-02-19,149,Smartwatch,Wearables,-3.0,325.25,10.0%,-878.18,Paypal,East,user141@mail.org,Yes,deliver asap,
62,1063,2023-12-26,145,Headphones,Accessories,3.0,106.24,,,Debit card,North,user145@retailco.io,,,USD
63,1064,2023-01-02,148,Smartphone,Electronics,,643.86,15.0%,0.0,Debit card,South,user148@retailco.io,No,,
64,1065,,131,Headphones,Accessories,1.0,79.19,0.0%,0.0,Credit card,North,user131@retailco.io,No,,USD
65,1066,2023-04-16,126,Smartwatch,Wearables,4.0,171.4,,685.6,Debit card,West,user129@retailco.io,Yes,,USD
66,1067,2023-09-17,100,Tablet,Electronics,2.0,363.36,10.0%,654.05,Paypal,North,user100@mail.org,No,,
67,1068,2023-11-06,144,Smartphone,Electronics,4.0,,,8721.92,Cash,North,user144@retailco.io,Yes,,EU
68,1069,2023-07-10,119,Headphones,Accessories,1.0,,15.0%,855.24,Cash,East,user119@mail.org,,fragile,USD
69,1070,2023-08-06,115,Tablet,Electronics,3.0,107.6,20.0%,,Debit card,West,user115@shop.net,,,USD
70,1071,2023-02-13,136,Headphones,Accessories,2.0,319.56,,639.12,Credit card,South ,user136@mail.org,No,,EU
71,1072,,134,Smartphone,Electronics,3.0,504.22,20.0%,1210.13,Paypal,North ,user134@mail.org,,,
72,1073,2023-07-21,122,Laptop,Electronics,3.0,282.87,,,Paypal,West,user122@retailco.io,Yes,,
73,,2023-09-27,117,Laptop,Electronics,2.0,1189.77,0.0%,2617.49,Cash,West,user117@retailco.io,No,,
74,1075,2023-12-17,140,Smartphone,Electronics,1.0,693.84,15.0%,589.76,Cash,North ,user140@retailco.io,No,deliver asap,USD
75,1076,,123,Headphones,Accessories,2.0,53.65,0.0%,96.57,Cash,West,user123@mail.org,No,,
76,1077,,118,Headphones,Accessories,1.0,943.87,15.0%,,Debit card,North,user118@example.com,,,
77,1078,,146,Headphones,Accessories,4.0,59.06,,236.24,Cash,South,user101@example.com,,,
78,1079,2023-09-09,110,Tablet,Electronics,2.0,335.85,,604.53,Credit card,East,user110@example.com,Yes,rush order,USD
79,1080,2023-07-09,148,Laptop,Electronics,1.0,1032.72,,1032.72,Credit card,West,user148@retailco.io,No,,
80,1081,2023-10-23,119,Headphones,Accessories,0.0,87.43,,,Debit card,South,user119@mail.org,,rush order,USD
81,1082,2023-08-01,125,Headphones,Accessories,,76.02,15.0%,0.0,Credit card, east,user125@mail.org,Yes,,
82,1083,2023-07-27,122,Smartphone,Electronics,1.0,709.54,15.0%,,Cash,East,user122@example.com,Yes,,
83,1084,2023-08-25,124,Laptop,Electronics,4.0,1147.8,0.0%,4132.08,Credit card,South,user124@shop.net,No,,
84,1085,,149,Headphones,Accessories,3.0,503.84,10.0%,1360.37,Paypal,East ,user149@retailco.io,Yes,,
85,1086,2023-02-22,137,Smartphone,Electronics,,608.78,20.0%,0.0,Debit card,West,user137@retailco.io,No,—,USD
86,,,120,Headphones,Accessories,4.0,79.51,0.0%,318.04,Debit card,West,user120@example.com,Yes,rush order,USD
87,1088,,121,Smartwatch,Wearables,-3.0,187.43,,-562.29,Paypal,North,user121@mail.org,Yes,,
88,1089,2023-09-09,131,Tablet,Electronics,2.0,448.31,5.0%,,Credit card,East,user131@mail.org,,,USD
89,1090,2023-07-07,137,Tablet,Electronics,2.0,257.59,,0.0,Cash,East,user111@shop.net,No,rush order,USD
90,1091,2023-02-10,106,Headphones,Accessories,-3.0,83.01,5.0%,-236.58,Credit card,South,user106@example.com,Yes,,USD
91,1092,2023-06-06,120,Tablet,Electronics,1.0,337.64,15.0%,286.99,Debit card, east,user120@example.com,No,fragile,USD
92,1093,,121,Laptop,Electronics,-3.0,957.0,10.0%,-5167.8,Credit card,South,user121@retailco.io,No,,
93,1094,2023-10-28,118,Headphones,Accessories,3.0,70.12,,210.36,Debit card,East,user118@mail.org,No,,
94,1095,2023-06-03,115,Laptop,Electronics,1.0,,,,Credit card,West,user115@shop.net,Yes,,USD
95,1096,2023-12-11,129,Smartwatch,Wearables,1.0,170.2,15.0%,,Cash,West,user139@mail.org,Yes,,
96,1097,2023-11-23,121,Headphones,Accessories,5.0,95.59,15.0%,406.26,Debit card,West,user121@retailco.io,Yes,—,
97,1098,,145,Headphones,Accessories,1.0,79.62,,,Debit card,South,user145@retailco.io,No,,
98,1099,2023-12-10,130,Laptop,Electronics,2.0,1004.61,20.0%,,Paypal, east,user130@mail.org,,,
99,1100,2023-05-09,109,Smartwatch,Wearables,0.0,233.71,20.0%,,Debit card,South,user109@shop.net,,,
100,1101,2023-05-16,135,Tablet,Electronics,3.0,342.75,20.0%,,Credit card,North,user135@shop.net,No,fragile,USD
101,1102,2023-04-03,120,Tablet,Electronics,2.0,402.9,,,Cash,South ,user120@retailco.io,Yes,,USD
102,1103,2023-05-19,114,Headphones,Accessories,5.0,60.41,15.0%,282.42,Debit card,West,user114@retailco.io,Yes,,
103,1104,2023-03-22,138,Laptop,Electronics,2.0,1108.56,20.0%,1773.7,Paypal, east,user138@mail.org,Yes,,
104,1105,2023-12-06,113,Laptop,Electronics,1.0,1117.07,10.0%,1005.36,Credit card,North,user113@shop.net,Yes,,
105,1106,2023-10-16,128,Tablet,Electronics,4.0,334.35,,1337.4,Credit card,North,user128@mail.org,,,
106,1107,2023-09-18,104,Smartwatch,Wearables,3.0,273.65,15.0%,697.81,Credit card,South,user104@example.com,Yes,,USD
107,1108,2023-08-19,128,Headphones,Accessories,4.0,79.42,10.0%,285.91,Paypal,West ,user128@retailco.io,No,,EU
108,1109,2023-02-10,121,Smartwatch,Wearables,4.0,272.17,15.0%,0.0,Paypal, east,user121@mail.org,Yes,,USD
109,1110,,137,Smartphone,Electronics,3.0,891.8,,,Debit card,North,user137@shop.net,,,
110,1111,,108,Smartwatch,Wearables,4.0,256.78,,,Credit card,North,user108@retailco.io,,rush order,
111,1112,2023-07-20,139,Smartwatch,Wearables,1.0,341.34,0.0%,341.34,Paypal,South,user139@shop.net,,,
112,1113,2023-11-24,111,Tablet,Electronics,1.0,435.73,10.0%,352.94,Paypal,East,user111@retailco.io,,,
113,1114,2023-09-25,130,Tablet,Electronics,2.0,996.28,20.0%,,Credit card,West,user130@mail.org,Yes,customer called; address verified,
114,1115,2023-02-02,100,Smartphone,Electronics,4.0,798.76,0.0%,6390.08,Paypal,East,user100@mail.org,Yes,rush order,USD
115,1116,2023-02-17,132,Laptop,Electronics,1.0,,5.0%,,Debit card,North ,user132@mail.org,,,EU
116,1117,2023-03-03,111,Smartphone,Electronics,5.0,768.67,10.0%,,Cash,North,user111@mail.org,Yes,,
117,1118,2023-04-08,100,Headphones,Accessories,5.0,79.65,5.0%,378.34,Credit card,North,user100@example.com,No,rush order,USD
118,1119,,123,Smartwatch,Wearables,1.0,411.31,15.0%,314.65,Paypal,South,user123@retailco.io,No,,
119,1120,2023-04-09,141,Tablet,Electronics,3.0,265.57,,717.04,Cash,South,user141@example.com,,,
120,1121,2023-06-21,107,Laptop,Electronics,0.0,938.37,20.0%,,Credit card,South,user107@example.com,,,
121,1122,2023-12-26,114,Smartphone,Electronics,-1.0,654.18,20.0%,,Paypal,North,user114@example.com,Yes,,USD
122,1123,2023-02-08,123,Headphones,Accessories,1.0,98.93,20.0%,79.14,Credit card,North,user123@retailco.io,,,
123,1124,2023-02-04,143,Smartwatch,Wearables,3.0,177.61,,,Cash,South,user143@example.com,,rush order,
124,1125,2023-08-15,123,Laptop,Electronics,1.0,1092.09,20.0%,,Credit card,East,user123@retailco.io,No,"gift, include note",USD
125,1126,2023-11-04,147,Smartwatch,Wearables,2.0,150.93,20.0%,,Credit card,West,user147@mail.org,No,,USD
126,1127,2023-11-05,116,Smartphone,Electronics,1.0,614.92,20.0%,491.94,Cash,South,user131@retailco.io,Yes,—,
127,1128,2023-09-14,105,Smartwatch,Wearables,2.0,333.2,0.0%,666.4,Cash,West,user105@retailco.io,Yes,,
128,1129,2023-01-05,139,Tablet,Electronics,3.0,340.15,0.0%,1020.45,Paypal,West,user139@mail.org,No,,
129,1130,2023-06-08,125,Tablet,Electronics,5.0,644.12,15.0%,5475.02,Paypal,East,user120@mail.org,Yes,,
130,1131,2023-12-09,139,Smartphone,Electronics,0.0,677.96,15.0%,0.0,Paypal,East,user139@example.com,Yes,,
131,1132,2023-12-25,139,Tablet,Electronics,1.0,382.71,20.0%,306.17,Cash,East,user139@mail.org,Yes,,
132,1133,2023-10-10,119,Smartwatch,Wearables,5.0,151.83,,1518.3,Credit card,South,user147@mail.org,,—,USD
133,1134,2023-07-26,104,Smartwatch,Wearables,-1.0,170.45,5.0%,,Credit card,West,user104@shop.net,Yes,,
134,,2023-01-15,112,Smartphone,Electronics,2.0,,15.0%,1588.52,Debit card,North,user112@example.com,Yes,,EU
135,1136,2023-12-12,117,Laptop,Electronics,2.0,927.42,0.0%,0.0,Paypal,East,user117@shop.net,,,
136,1137,2023-02-11,135,Smartphone,Electronics,1.0,562.01,0.0%,562.01,Cash,West,user135@example.com,No,,
137,1138,2023-06-28,120,Laptop,Electronics,2.0,728.4,20.0%,,Credit card,North,user120@mail.org,Yes,,EU
138,1139,,145,Smartwatch,Wearables,1.0,196.2,20.0%,0.0,Paypal,North,user143@mail.org,No,,
139,1140,,120,Headphones,Accessories,2.0,97.01,0.0%,194.02,Debit card,South,user120@retailco.io,No,,
140,1141,2023-08-19,106,Tablet,Electronics,0.0,310.06,,0.0,Credit card,East,user144@example.com,Yes,,
141,1142,,127,Smartphone,Electronics,,516.47,5.0%,0.0,Cash,North,user127@mail.org,,,USD
142,1143,2023-02-21,148,Smartwatch,Wearables,2.0,305.35,,610.7,Cash,North ,user148@shop.net,Yes,,
143,1144,2023-04-06,109,Laptop,Electronics,3.0,,5.0%,,Debit card,East,user109@mail.org,,fragile,USD
144,1145,2023-08-10,141,Tablet,Electronics,4.0,430.77,,,Paypal,North,user141@shop.net,No,,USD
145,1146,,117,Laptop,Electronics,1.0,1014.66,5.0%,,Paypal,West ,user117@retailco.io,No,fragile,
146,1147,2023-08-25,149,Smartwatch,Wearables,3.0,255.9,10.0%,690.93,Credit card,North ,user149@shop.net,No,rush order,
147,1148,,130,Headphones,Accessories,2.0,90.42,,180.84,Cash,West,user130@mail.org,No,,
148,1149,2023-06-20,141,Headphones,Accessories,4.0,64.87,,,Cash,West,user141@example.com,No,,EU
149,1150,2023-01-29,144,Smartwatch,Wearables,5.0,997.22,,4986.1,Debit card,West,user144@retailco.io,Yes,,
150,1151,2023-02-05,119,Smartphone,Electronics,2.0,699.05,15.0%,1188.38,Cash,North,user119@retailco.io,Yes,—,USD
151,1152,,103,Tablet,Electronics,5.0,257.17,0.0%,,Credit card,North,user103@mail.org,Yes,,EU
152,1153,2023-06-09,146,Tablet,Electronics,1.0,395.84,5.0%,,Credit card,South ,user146@retailco.io,,,USD
153,1154,2023-11-23,144,Smartwatch,Wearables,1.0,316.77,0.0%,316.77,Debit card,West,user144@example.com,,,
154,1155,,122,Smartphone,Electronics,-4.0,546.74,0.0%,-1968.26,Credit card,South,user133@shop.net,No,,EU
155,1156,2023-08-31,121,Laptop,Electronics,-1.0,257.31,,,Debit card,North ,user121@example.com,No,,
156,1157,2023-03-27,134,Laptop,Electronics,-1.0,640.13,10.0%,,Cash,West ,user134@example.com,Yes,rush order,
157,1158,2023-11-10,144,Smartphone,Electronics,5.0,820.94,15.0%,,Cash,West,user144@shop.net,Yes,,
158,1159,,118,Laptop,Electronics,2.0,1024.03,15.0%,,Paypal,South,user118@retailco.io,No,,
159,1160,2023-06-19,128,Laptop,Electronics,1.0,1145.11,0.0%,,Paypal,East,user128@shop.net,No,,
160,1161,2023-02-14,139,Smartwatch,Wearables,3.0,306.44,10.0%,0.0,Cash,East,user139@mail.org,Yes,,USD
161,,2023-03-03,131,Smartphone,Electronics,4.0,669.65,,2678.6,Cash,East,user131@shop.net,No,,EU
162,1163,2023-05-14,148,Headphones,Accessories,1.0,265.93,0.0%,,Cash,West,user148@shop.net,No,,
163,,2023-11-10,110,Headphones,Accessories,1.0,176.51,,,Credit card,East,user110@retailco.io,,,
164,1165,,109,Headphones,Accessories,1.0,40.44,20.0%,,Cash,South,user109@mail.org,Yes,,USD
165,1166,,139,Tablet,Electronics,2.0,288.99,,,Credit card,North,user139@mail.org,Yes,,
166,1167,2023-02-13,113,Smartwatch,Wearables,1.0,976.0,10.0%,878.4,Credit card,West,user113@shop.net,No,rush order,USD
167,1168,2023-12-06,106,Laptop,Electronics,2.0,,,2098.62,Paypal,South,user106@mail.org,Yes,,USD
168,1169,,149,Tablet,Electronics,3.0,266.09,5.0%,,Cash,South,user149@shop.net,Yes,,USD
169,1170,2023-11-27,131,Headphones,Accessories,1.0,66.5,20.0%,106.4,Paypal,East ,user131@example.com,,"gift, include note",
170,1171,,106,Laptop,Electronics,3.0,1105.23,5.0%,0.0,Paypal,East,user106@shop.net,No,rush order,USD
171,1172,2023-12-14,100,Laptop,Electronics,5.0,1091.95,20.0%,8735.6,Paypal,North,user122@mail.org,No,,USD
172,1173,2023-08-19,140,Smartphone,Electronics,1.0,673.87,0.0%,673.87,Credit card,North ,user140@retailco.io,,,
173,1174,2023-07-09,126,Headphones,Accessories,5.0,63.61,10.0%,0.0,Cash, east,user126@mail.org,Yes,,USD
174,1175,2023-08-13,135,Headphones,Accessories,4.0,59.46,5.0%,225.95,Credit card,South,user135@mail.org,,,
175,1176,2023-10-10,126,Tablet,Electronics,1.0,941.59,15.0%,800.35,Credit card,West,user126@shop.net,Yes,,EU
176,1177,2023-01-05,143,Headphones,Accessories,2.0,60.14,20.0%,0.0,Paypal,West,user143@mail.org,,,USD
177,1178,,128,Headphones,Accessories,,,15.0%,0.0,Paypal,West,user128@retailco.io,Yes,fragile,USD
178,1179,2023-08-21,121,Tablet,Electronics,1.0,407.85,,407.85,Paypal,South,user121@retailco.io,Yes,,
179,1180,2023-09-16,128,Laptop,Electronics,2.0,907.48,10.0%,,Debit card,West,user128@retailco.io,No,,
180,1181,2023-12-25,135,Smartwatch,Wearables,2.0,189.14,0.0%,378.28,Paypal,North,user109@mail.org,No,,USD
181,1182,2023-07-17,126,Headphones,Accessories,2.0,118.8,0.0%,237.6,Debit card,West,user126@shop.net,,,USD
182,1183,,109,Tablet,Electronics,2.0,98.82,10.0%,177.88,Cash,South,user109@shop.net,,rush order,USD
183,1184,2023-11-14,117,Laptop,Electronics,1.0,950.14,10.0%,855.13,Cash,West ,user117@shop.net,,,
184,1185,,135,Smartwatch,Wearables,1.0,245.9,20.0%,177.05,Paypal,North ,user135@retailco.io,No,rush order,
185,,,148,Smartwatch,Wearables,1.0,334.02,,,Credit card,West,user148@retailco.io,Yes,,
186,,2023-11-03,112,Laptop,Electronics,3.0,,15.0%,2810.25,Paypal, east,user112@retailco.io,,,USD
187,1188,2023-08-22,119,Headphones,Accessories,3.0,119.89,0.0%,,Cash,North,user119@retailco.io,No,,USD
188,1189,2023-06-21,145,Headphones,Accessories,1.0,52.56,,52.56,Credit card,South,user145@mail.org,Yes,,USD
189,1190,2023-01-06,118,Tablet,Electronics,1.0,325.27,10.0%,,Paypal,South ,user118@mail.org,No,,USD
190,,2023-11-11,137,Tablet,Electronics,1.0,326.11,0.0%,326.11,Paypal,North ,user137@shop.net,No,,USD
191,1192,2023-06-09,137,Tablet,Electronics,2.0,402.98,15.0%,685.07,Credit card,North,user136@mail.org,Yes,,
192,1193,2023-06-04,127,Tablet,Electronics,2.0,,5.0%,688.6,Paypal,West,user127@example.com,No,,USD
193,1194,,140,Smartphone,Electronics,0.0,830.89,0.0%,0.0,Paypal,West,user140@example.com,No,,USD
194,1195,2023-06-29,142,Smartphone,Electronics,2.0,739.93,15.0%,,Paypal,North,user142@mail.org,No,customer called; address verified,EU
195,1196,2023-04-23,115,Tablet,Electronics,1.0,438.17,,438.17,Cash,West,user115@retailco.io,,,
196,1197,2023-11-14,110,Headphones,Accessories,4.0,68.01,,272.04,Debit card,West ,user110@example.com,Yes,,
197,1198,2023-02-21,110,Smartphone,Electronics,0.0,774.99,,0.0,Cash,South,user110@retailco.io,Yes,,EU
198,1199,2023-09-25,110,Smartwatch,Wearables,1.0,255.17,15.0%,,Paypal,West,user127@retailco.io,Yes,,EU
199,1200,2023-10-22,116,Smartwatch,Wearables,4.0,291.69,,1166.76,Credit card,South,user116@example.com,No,,EU
200,,2023-04-23,110,Smartwatch,Wearables,3.0,551.15,15.0%,,Debit card,West,user110@retailco.io,Yes,,
201,1202,2023-11-04,112,Headphones,Accessories,5.0,321.3,5.0%,,Paypal,East,user112@shop.net,Yes,rush order,EU
202,1203,2023-04-23,121,Laptop,Electronics,1.0,1043.96,10.0%,1879.13,Cash,North ,user141@shop.net,,,
203,1204,2023-03-22,101,Tablet,Electronics,2.0,321.81,,643.62,Cash,West,user101@shop.net,No,"gift, include note",USD
204,1205,,133,Headphones,Accessories,2.0,56.59,,113.18,Credit card,South,user133@shop.net,No,,USD
205,1206,2023-04-23,145,Headphones,Accessories,1.0,118.4,0.0%,,Debit card,South,user145@mail.org,No,,
206,1207,2023-01-02,137,Headphones,Accessories,2.0,99.27,,198.54,Paypal,South,user137@retailco.io,Yes,rush order,USD
207,1208,,147,Laptop,Electronics,-5.0,918.21,10.0%,-4131.95,Cash,West,user147@retailco.io,No,fragile,USD
208,1209,2023-08-08,118,Tablet,Electronics,1.0,289.9,15.0%,,Paypal,West,user118@retailco.io,,,
209,1210,2023-02-23,131,Laptop,Electronics,1.0,1031.35,,1134.48,Credit card,North ,user131@example.com,No,"gift, include note",USD
210,1211,2023-12-09,123,Headphones,Accessories,2.0,63.52,5.0%,120.69,Cash,South,user123@mail.org,No,,EU
211,1212,,104,Tablet,Electronics,1.0,376.32,10.0%,677.38,Debit card,North,user133@retailco.io,No,,EU
212,1213,2023-08-13,112,Headphones,Accessories,1.0,606.6,20.0%,48.53,Paypal,South ,user112@example.com,Yes,—,USD
213,,2023-05-06,115,Smartwatch,Wearables,1.0,199.53,10.0%,179.58,Paypal,West,user115@retailco.io,No,,
214,1215,,144,Smartphone,Electronics,1.0,513.04,0.0%,,Paypal,West,user144@example.com,No,,USD
215,1216,2023-02-22,119,Smartwatch,Wearables,4.0,70.71,20.0%,226.27,Paypal,South ,user119@shop.net,,,
216,1217,2023-06-21,128,Laptop,Electronics,-1.0,1085.61,5.0%,,Cash,East,user128@retailco.io,No,,
217,1218,2023-06-08,131,Laptop,Electronics,2.0,118.18,,212.72,Debit card,East,user111@example.com,,,USD
218,1219,2023-06-09,115,Smartwatch,Wearables,5.0,,20.0%,996.16,Paypal,West,user115@mail.org,Yes,,USD
219,1220,,128,Headphones,Accessories,0.0,52.58,5.0%,,Cash,West,user144@example.com,,,
229,1035,2023-07-09,122,Laptop,Electronics,-5.0,932.47,20.0%,-3729.88,Cash,North,user122@shop.net,No,duplicate? check,EU
230,1106,2023-10-16,128,Tablet,Electronics,4.0,334.35,,1337.4,Credit card,North,user128@mail.org,,duplicate? check,
232,1089,2023-09-09,131,Tablet,Electronics,2.0,448.31,5.0%,,Credit card,East,user131@mail.org,,duplicate? check,USD
234,1059,2023-02-04,138,Smartwatch,Wearables,1.0,222.36,20.0%,177.89,Cash,South,user138@mail.org,,duplicate? check,
236,,,,,,,,,,,,,,,
